tau,Admm,Apgd,Baraff,Bgs,BlockedJacobi,BoxedSemiSmoothNewton,Dantzig,Direct,FischerBurmeisterNewton,InteriorPoint,Jacobi,Lemke,MinimumMapNewton,Mprgp,Nncg,PenalizedFischerBurmeisterNewton,Pgs,RedBlackGaussSeidel,Sap,ShockPropagation,Staggering,SubspaceMinimization,SymmetricPsor,Tgs
1.0000,0.0000,0.0000,0.0000,0.0000,0.0000,0.0000,0.0000,0.3333,0.0000,0.0000,0.0000,0.0000,0.0000,0.0000,0.0000,0.0000,0.3333,0.0000,0.0000,0.0000,0.0000,0.0000,0.0000,0.3333
1.0452,0.0000,0.0000,0.0000,0.0000,0.0000,0.0000,0.0000,0.3333,0.0000,0.0000,0.0000,0.0000,0.0000,0.0000,0.0000,0.0000,0.3333,0.0000,0.0000,0.0000,0.0000,0.0000,0.0000,0.3333
1.0905,0.0000,0.0000,0.0000,0.0000,0.0000,0.0000,0.0000,0.3333,0.0000,0.0000,0.0000,0.0000,0.0000,0.0000,0.0000,0.0000,0.3333,0.0000,0.0000,0.0000,0.0000,0.0000,0.0000,0.5000
1.1357,0.0000,0.0000,0.0000,0.0000,0.0000,0.0000,0.0000,0.3333,0.0000,0.0000,0.0000,0.0000,0.0000,0.0000,0.0000,0.0000,0.5000,0.0000,0.0000,0.0000,0.0000,0.0000,0.0000,0.5000
1.1809,0.0000,0.0000,0.0000,0.0000,0.0000,0.0000,0.0000,0.3333,0.0000,0.0000,0.0000,0.0000,0.0000,0.0000,0.0000,0.0000,0.5000,0.0000,0.1667,0.0000,0.0000,0.0000,0.0000,0.5000
1.2261,0.0000,0.0000,0.0000,0.0000,0.0000,0.0000,0.0000,0.3333,0.0000,0.0000,0.0000,0.0000,0.0000,0.0000,0.0000,0.0000,0.6667,0.0000,0.1667,0.0000,0.0000,0.0000,0.0000,0.5000
1.2714,0.0000,0.0000,0.0000,0.0000,0.0000,0.0000,0.0000,0.3333,0.0000,0.0000,0.0000,0.0000,0.0000,0.0000,0.0000,0.0000,0.6667,0.0000,0.5000,0.0000,0.0000,0.0000,0.0000,0.5000
1.3166,0.0000,0.0000,0.0000,0.0000,0.0000,0.0000,0.0000,0.3333,0.0000,0.0000,0.0000,0.0000,0.0000,0.0000,0.0000,0.0000,0.6667,0.0000,0.5000,0.0000,0.0000,0.0000,0.0000,0.5000
1.3618,0.1667,0.0000,0.0000,0.0000,0.0000,0.0000,0.0000,0.3333,0.0000,0.0000,0.0000,0.0000,0.0000,0.0000,0.0000,0.0000,0.6667,0.0000,0.5000,0.0000,0.0000,0.0000,0.0000,0.5000
1.4070,0.1667,0.0000,0.0000,0.0000,0.0000,0.0000,0.0000,0.3333,0.0000,0.0000,0.0000,0.0000,0.0000,0.0000,0.0000,0.0000,0.6667,0.0000,0.5000,0.0000,0.0000,0.0000,0.0000,0.5000
1.4523,0.1667,0.0000,0.0000,0.0000,0.0000,0.0000,0.0000,0.3333,0.0000,0.0000,0.0000,0.0000,0.0000,0.0000,0.0000,0.0000,0.6667,0.1667,0.5000,0.0000,0.0000,0.0000,0.0000,0.5000
1.4975,0.1667,0.1667,0.0000,0.0000,0.0000,0.0000,0.0000,0.3333,0.0000,0.0000,0.1667,0.0000,0.0000,0.0000,0.0000,0.0000,0.6667,0.1667,0.5000,0.0000,0.0000,0.0000,0.1667,0.6667
1.5427,0.1667,0.1667,0.0000,0.0000,0.0000,0.0000,0.0000,0.3333,0.0000,0.0000,0.1667,0.0000,0.0000,0.0000,0.0000,0.0000,0.6667,0.1667,0.5000,0.0000,0.0000,0.0000,0.1667,0.6667
1.5879,0.1667,0.1667,0.0000,0.0000,0.0000,0.0000,0.0000,0.3333,0.0000,0.0000,0.1667,0.0000,0.0000,0.0000,0.0000,0.0000,0.6667,0.1667,0.5000,0.0000,0.0000,0.0000,0.1667,0.6667
1.6332,0.1667,0.1667,0.0000,0.0000,0.0000,0.0000,0.0000,0.3333,0.0000,0.0000,0.1667,0.0000,0.0000,0.0000,0.0000,0.0000,0.6667,0.3333,0.5000,0.0000,0.0000,0.0000,0.1667,0.6667
1.6784,0.1667,0.3333,0.0000,0.0000,0.0000,0.0000,0.1667,0.3333,0.0000,0.0000,0.1667,0.0000,0.0000,0.0000,0.0000,0.0000,0.6667,0.3333,0.6667,0.0000,0.1667,0.0000,0.1667,0.6667
1.7236,0.3333,0.3333,0.0000,0.0000,0.0000,0.0000,0.3333,0.3333,0.0000,0.0000,0.3333,0.0000,0.0000,0.0000,0.0000,0.0000,0.6667,0.5000,0.6667,0.0000,0.3333,0.0000,0.3333,0.6667
1.7688,0.3333,0.3333,0.0000,0.0000,0.0000,0.0000,0.3333,0.3333,0.0000,0.0000,0.3333,0.0000,0.0000,0.0000,0.0000,0.0000,0.6667,0.5000,0.6667,0.0000,0.3333,0.0000,0.3333,0.6667
1.8141,0.5000,0.3333,0.0000,0.0000,0.0000,0.0000,0.5000,0.3333,0.0000,0.0000,0.3333,0.0000,0.0000,0.0000,0.0000,0.0000,0.6667,0.6667,0.6667,0.0000,0.5000,0.0000,0.3333,0.6667
1.8593,0.5000,0.3333,0.0000,0.0000,0.0000,0.0000,0.5000,0.3333,0.0000,0.0000,0.3333,0.0000,0.0000,0.0000,0.0000,0.0000,0.6667,0.6667,0.6667,0.0000,0.5000,0.0000,0.3333,0.6667
1.9045,0.5000,0.5000,0.0000,0.0000,0.0000,0.1667,0.5000,0.3333,0.0000,0.0000,0.3333,0.0000,0.0000,0.0000,0.0000,0.0000,0.6667,0.6667,0.6667,0.0000,0.5000,0.0000,0.3333,0.6667
1.9497,0.5000,0.6667,0.0000,0.0000,0.0000,0.1667,0.5000,0.3333,0.0000,0.0000,0.3333,0.0000,0.0000,0.0000,0.0000,0.0000,0.6667,0.6667,0.6667,0.0000,0.5000,0.0000,0.5000,0.6667
1.9950,0.5000,0.6667,0.0000,0.0000,0.0000,0.3333,0.5000,0.3333,0.0000,0.0000,0.3333,0.0000,0.0000,0.0000,0.0000,0.0000,0.6667,0.6667,0.6667,0.0000,0.5000,0.0000,0.6667,0.6667
2.0402,0.6667,0.6667,0.0000,0.0000,0.0000,0.3333,0.5000,0.3333,0.0000,0.0000,0.5000,0.0000,0.0000,0.1667,0.0000,0.0000,0.6667,0.6667,0.6667,0.0000,0.5000,0.0000,0.6667,0.6667
2.0854,0.6667,0.6667,0.0000,0.0000,0.0000,0.3333,0.5000,0.3333,0.0000,0.0000,0.6667,0.0000,0.0000,0.1667,0.0000,0.0000,0.6667,0.6667,0.6667,0.0000,0.5000,0.0000,0.6667,0.6667
2.1307,0.6667,0.6667,0.0000,0.0000,0.0000,0.3333,0.5000,0.3333,0.0000,0.0000,0.6667,0.0000,0.0000,0.1667,0.0000,0.0000,0.6667,0.6667,0.6667,0.0000,0.5000,0.0000,0.6667,0.6667
2.1759,0.6667,0.6667,0.0000,0.0000,0.0000,0.3333,0.5000,0.3333,0.0000,0.0000,0.6667,0.0000,0.0000,0.1667,0.0000,0.0000,0.6667,0.6667,0.6667,0.0000,0.5000,0.0000,0.6667,0.6667
2.2211,0.6667,0.6667,0.0000,0.0000,0.0000,0.3333,0.5000,0.3333,0.0000,0.0000,0.6667,0.0000,0.0000,0.1667,0.0000,0.0000,0.6667,0.6667,0.6667,0.0000,0.5000,0.0000,0.6667,0.6667
2.2663,0.6667,0.6667,0.0000,0.0000,0.0000,0.3333,0.5000,0.3333,0.0000,0.0000,0.6667,0.0000,0.0000,0.1667,0.0000,0.0000,0.6667,0.6667,0.6667,0.0000,0.5000,0.0000,0.6667,0.6667
2.3116,0.6667,0.6667,0.0000,0.0000,0.0000,0.3333,0.5000,0.3333,0.0000,0.0000,0.6667,0.0000,0.0000,0.1667,0.0000,0.0000,0.6667,0.6667,0.6667,0.0000,0.5000,0.0000,0.6667,0.6667
2.3568,0.6667,0.6667,0.0000,0.0000,0.0000,0.3333,0.5000,0.3333,0.0000,0.0000,0.6667,0.0000,0.0000,0.1667,0.0000,0.0000,0.6667,0.6667,0.6667,0.0000,0.5000,0.0000,0.6667,0.6667
2.4020,0.6667,0.6667,0.0000,0.0000,0.0000,0.3333,0.5000,0.3333,0.0000,0.0000,0.6667,0.0000,0.0000,0.3333,0.0000,0.0000,0.6667,0.6667,0.6667,0.0000,0.5000,0.0000,0.6667,0.6667
2.4472,0.6667,0.6667,0.0000,0.0000,0.0000,0.3333,0.5000,0.3333,0.0000,0.0000,0.6667,0.0000,0.0000,0.5000,0.0000,0.0000,0.6667,0.6667,0.6667,0.0000,0.5000,0.0000,0.6667,0.6667
2.4925,0.6667,0.6667,0.0000,0.0000,0.0000,0.3333,0.5000,0.3333,0.0000,0.0000,0.6667,0.0000,0.0000,0.5000,0.0000,0.0000,0.6667,0.6667,0.6667,0.0000,0.5000,0.0000,0.6667,0.6667
2.5377,0.6667,0.6667,0.0000,0.0000,0.0000,0.3333,0.5000,0.3333,0.0000,0.0000,0.6667,0.0000,0.0000,0.5000,0.0000,0.0000,0.6667,0.6667,0.6667,0.0000,0.5000,0.0000,0.6667,0.6667
2.5829,0.6667,0.6667,0.0000,0.0000,0.0000,0.3333,0.5000,0.3333,0.0000,0.0000,0.6667,0.0000,0.0000,0.5000,0.0000,0.0000,0.6667,0.6667,0.6667,0.0000,0.5000,0.0000,0.6667,0.6667
2.6281,0.6667,0.6667,0.0000,0.0000,0.0000,0.3333,0.5000,0.3333,0.0000,0.0000,0.6667,0.0000,0.0000,0.5000,0.0000,0.0000,0.6667,0.6667,0.6667,0.0000,0.5000,0.0000,0.6667,0.6667
2.6734,0.6667,0.6667,0.0000,0.0000,0.0000,0.3333,0.5000,0.3333,0.0000,0.0000,0.6667,0.0000,0.0000,0.6667,0.0000,0.0000,0.6667,0.6667,0.6667,0.0000,0.5000,0.0000,0.6667,0.6667
2.7186,0.6667,0.6667,0.0000,0.0000,0.0000,0.3333,0.5000,0.3333,0.0000,0.0000,0.6667,0.0000,0.0000,0.6667,0.0000,0.0000,0.6667,0.6667,0.6667,0.0000,0.5000,0.0000,0.6667,0.6667
2.7638,0.6667,0.6667,0.0000,0.0000,0.0000,0.3333,0.5000,0.3333,0.0000,0.0000,0.6667,0.0000,0.0000,0.6667,0.0000,0.0000,0.6667,0.6667,0.6667,0.0000,0.5000,0.0000,0.6667,0.6667
2.8090,0.6667,0.6667,0.0000,0.0000,0.0000,0.3333,0.5000,0.3333,0.0000,0.0000,0.6667,0.0000,0.0000,0.6667,0.0000,0.0000,0.6667,0.6667,0.6667,0.0000,0.5000,0.0000,0.6667,0.6667
2.8543,0.6667,0.6667,0.0000,0.0000,0.0000,0.3333,0.5000,0.3333,0.0000,0.0000,0.6667,0.0000,0.0000,0.6667,0.0000,0.0000,0.6667,0.6667,0.6667,0.0000,0.5000,0.0000,0.6667,0.6667
2.8995,0.6667,0.6667,0.0000,0.0000,0.0000,0.3333,0.5000,0.3333,0.0000,0.0000,0.6667,0.0000,0.0000,0.6667,0.0000,0.0000,0.6667,0.6667,0.6667,0.0000,0.5000,0.0000,0.6667,0.6667
2.9447,0.6667,0.6667,0.0000,0.0000,0.0000,0.3333,0.5000,0.3333,0.0000,0.0000,0.6667,0.0000,0.1667,0.6667,0.0000,0.0000,0.6667,0.6667,0.6667,0.0000,0.5000,0.0000,0.6667,0.6667
2.9899,0.6667,0.6667,0.0000,0.0000,0.0000,0.3333,0.5000,0.3333,0.0000,0.0000,0.6667,0.0000,0.1667,0.6667,0.0000,0.0000,0.6667,0.6667,0.6667,0.0000,0.5000,0.0000,0.6667,0.6667
3.0352,0.6667,0.6667,0.0000,0.0000,0.0000,0.3333,0.5000,0.3333,0.0000,0.0000,0.6667,0.0000,0.1667,0.6667,0.0000,0.0000,0.6667,0.6667,0.6667,0.0000,0.5000,0.0000,0.6667,0.6667
3.0804,0.6667,0.6667,0.0000,0.0000,0.0000,0.3333,0.5000,0.3333,0.0000,0.0000,0.6667,0.0000,0.1667,0.6667,0.0000,0.0000,0.6667,0.6667,0.6667,0.0000,0.5000,0.0000,0.6667,0.6667
3.1256,0.6667,0.6667,0.0000,0.0000,0.0000,0.3333,0.5000,0.3333,0.0000,0.0000,0.6667,0.0000,0.1667,0.6667,0.0000,0.0000,0.6667,0.6667,0.6667,0.0000,0.5000,0.0000,0.6667,0.6667
3.1709,0.6667,0.6667,0.0000,0.0000,0.0000,0.3333,0.5000,0.3333,0.0000,0.0000,0.6667,0.0000,0.1667,0.6667,0.0000,0.0000,0.6667,0.6667,0.6667,0.0000,0.5000,0.0000,0.6667,0.6667
3.2161,0.6667,0.6667,0.0000,0.0000,0.0000,0.3333,0.5000,0.3333,0.0000,0.0000,0.6667,0.0000,0.1667,0.6667,0.0000,0.0000,0.6667,0.6667,0.6667,0.0000,0.5000,0.0000,0.6667,0.6667
3.2613,0.6667,0.6667,0.0000,0.0000,0.0000,0.3333,0.5000,0.3333,0.0000,0.0000,0.6667,0.0000,0.1667,0.6667,0.0000,0.0000,0.6667,0.6667,0.6667,0.0000,0.5000,0.0000,0.6667,0.6667
3.3065,0.6667,0.6667,0.0000,0.0000,0.0000,0.3333,0.5000,0.3333,0.0000,0.0000,0.6667,0.0000,0.1667,0.6667,0.0000,0.0000,0.6667,0.6667,0.6667,0.0000,0.5000,0.0000,0.6667,0.6667
3.3518,0.6667,0.6667,0.0000,0.0000,0.0000,0.3333,0.6667,0.3333,0.0000,0.0000,0.6667,0.0000,0.1667,0.6667,0.0000,0.0000,0.6667,0.6667,0.6667,0.0000,0.5000,0.0000,0.6667,0.6667
3.3970,0.6667,0.6667,0.0000,0.0000,0.0000,0.3333,0.6667,0.3333,0.0000,0.0000,0.6667,0.0000,0.1667,0.6667,0.0000,0.0000,0.6667,0.6667,0.6667,0.0000,0.5000,0.0000,0.6667,0.6667
3.4422,0.6667,0.6667,0.0000,0.0000,0.0000,0.3333,0.6667,0.3333,0.0000,0.0000,0.6667,0.0000,0.1667,0.6667,0.0000,0.0000,0.6667,0.6667,0.6667,0.0000,0.5000,0.0000,0.6667,0.6667
3.4874,0.6667,0.6667,0.0000,0.0000,0.0000,0.3333,0.6667,0.3333,0.0000,0.0000,0.6667,0.0000,0.1667,0.6667,0.0000,0.0000,0.6667,0.6667,0.6667,0.0000,0.5000,0.0000,0.6667,0.6667
3.5327,0.6667,0.6667,0.0000,0.0000,0.0000,0.3333,0.6667,0.3333,0.0000,0.0000,0.6667,0.0000,0.1667,0.6667,0.0000,0.0000,0.6667,0.6667,0.6667,0.0000,0.5000,0.0000,0.6667,0.6667
3.5779,0.6667,0.6667,0.0000,0.0000,0.0000,0.3333,0.6667,0.3333,0.0000,0.0000,0.6667,0.0000,0.1667,0.6667,0.0000,0.0000,0.6667,0.6667,0.6667,0.0000,0.5000,0.0000,0.6667,0.6667
3.6231,0.6667,0.6667,0.0000,0.0000,0.0000,0.3333,0.6667,0.3333,0.0000,0.0000,0.6667,0.0000,0.1667,0.6667,0.0000,0.0000,0.6667,0.6667,0.6667,0.0000,0.5000,0.0000,0.6667,0.6667
3.6683,0.6667,0.6667,0.0000,0.0000,0.0000,0.3333,0.6667,0.3333,0.0000,0.0000,0.6667,0.0000,0.1667,0.6667,0.0000,0.0000,0.6667,0.6667,0.6667,0.0000,0.5000,0.0000,0.6667,0.6667
3.7136,0.6667,0.6667,0.0000,0.0000,0.0000,0.3333,0.6667,0.3333,0.0000,0.0000,0.6667,0.0000,0.1667,0.6667,0.0000,0.0000,0.6667,0.6667,0.6667,0.0000,0.5000,0.1667,0.6667,0.6667
3.7588,0.6667,0.6667,0.0000,0.0000,0.0000,0.3333,0.6667,0.3333,0.0000,0.0000,0.6667,0.0000,0.1667,0.6667,0.0000,0.0000,0.6667,0.6667,0.6667,0.0000,0.5000,0.1667,0.6667,0.6667
3.8040,0.6667,0.6667,0.0000,0.0000,0.0000,0.3333,0.6667,0.3333,0.0000,0.0000,0.6667,0.0000,0.1667,0.6667,0.0000,0.0000,0.6667,0.6667,0.6667,0.0000,0.5000,0.1667,0.6667,0.6667
3.8492,0.6667,0.6667,0.0000,0.0000,0.0000,0.3333,0.6667,0.3333,0.0000,0.0000,0.6667,0.0000,0.1667,0.6667,0.0000,0.0000,0.6667,0.6667,0.6667,0.0000,0.5000,0.1667,0.6667,0.6667
3.8945,0.6667,0.6667,0.0000,0.0000,0.0000,0.3333,0.6667,0.3333,0.0000,0.0000,0.6667,0.0000,0.1667,0.6667,0.0000,0.0000,0.6667,0.6667,0.6667,0.0000,0.5000,0.1667,0.6667,0.6667
3.9397,0.6667,0.6667,0.0000,0.0000,0.0000,0.3333,0.6667,0.3333,0.0000,0.0000,0.6667,0.0000,0.1667,0.6667,0.0000,0.0000,0.6667,0.6667,0.6667,0.0000,0.5000,0.1667,0.6667,0.6667
3.9849,0.6667,0.6667,0.0000,0.0000,0.0000,0.3333,0.6667,0.3333,0.0000,0.0000,0.6667,0.0000,0.1667,0.6667,0.0000,0.0000,0.6667,0.6667,0.6667,0.0000,0.5000,0.1667,0.6667,0.6667
4.0302,0.6667,0.6667,0.0000,0.0000,0.0000,0.3333,0.6667,0.3333,0.0000,0.0000,0.6667,0.0000,0.1667,0.6667,0.0000,0.0000,0.6667,0.6667,0.6667,0.0000,0.5000,0.1667,0.6667,0.6667
4.0754,0.6667,0.6667,0.0000,0.0000,0.0000,0.3333,0.6667,0.3333,0.0000,0.0000,0.6667,0.0000,0.1667,0.6667,0.0000,0.0000,0.6667,0.6667,0.6667,0.0000,0.5000,0.1667,0.6667,0.6667
4.1206,0.6667,0.6667,0.0000,0.0000,0.0000,0.3333,0.6667,0.3333,0.0000,0.0000,0.6667,0.0000,0.1667,0.6667,0.0000,0.0000,0.6667,0.6667,0.6667,0.0000,0.6667,0.1667,0.6667,0.6667
4.1658,0.6667,0.6667,0.0000,0.0000,0.0000,0.3333,0.6667,0.3333,0.0000,0.0000,0.6667,0.0000,0.1667,0.6667,0.0000,0.0000,0.6667,0.6667,0.6667,0.0000,0.6667,0.1667,0.6667,0.6667
4.2111,0.6667,0.6667,0.0000,0.0000,0.0000,0.3333,0.6667,0.3333,0.0000,0.0000,0.6667,0.0000,0.1667,0.6667,0.0000,0.0000,0.6667,0.6667,0.6667,0.0000,0.6667,0.3333,0.6667,0.6667
4.2563,0.6667,0.6667,0.0000,0.0000,0.0000,0.3333,0.6667,0.3333,0.0000,0.0000,0.6667,0.0000,0.1667,0.6667,0.0000,0.0000,0.6667,0.6667,0.6667,0.0000,0.6667,0.5000,0.6667,0.6667
4.3015,0.6667,0.6667,0.0000,0.0000,0.0000,0.3333,0.6667,0.3333,0.0000,0.0000,0.6667,0.0000,0.1667,0.6667,0.0000,0.0000,0.6667,0.6667,0.6667,0.0000,0.6667,0.5000,0.6667,0.6667
4.3467,0.6667,0.6667,0.0000,0.0000,0.0000,0.3333,0.6667,0.3333,0.0000,0.0000,0.6667,0.0000,0.1667,0.6667,0.0000,0.0000,0.6667,0.6667,0.6667,0.0000,0.6667,0.5000,0.6667,0.6667
4.3920,0.6667,0.6667,0.0000,0.0000,0.0000,0.3333,0.6667,0.3333,0.0000,0.0000,0.6667,0.0000,0.1667,0.6667,0.0000,0.0000,0.6667,0.6667,0.6667,0.0000,0.6667,0.5000,0.6667,0.6667
4.4372,0.6667,0.6667,0.0000,0.0000,0.0000,0.3333,0.6667,0.3333,0.0000,0.0000,0.6667,0.0000,0.1667,0.6667,0.0000,0.0000,0.6667,0.6667,0.6667,0.0000,0.6667,0.5000,0.6667,0.6667
4.4824,0.6667,0.6667,0.0000,0.0000,0.0000,0.3333,0.6667,0.3333,0.0000,0.0000,0.6667,0.0000,0.1667,0.6667,0.0000,0.0000,0.6667,0.6667,0.6667,0.0000,0.6667,0.5000,0.6667,0.6667
4.5276,0.6667,0.6667,0.0000,0.0000,0.0000,0.3333,0.6667,0.3333,0.0000,0.0000,0.6667,0.0000,0.1667,0.6667,0.0000,0.0000,0.6667,0.6667,0.6667,0.0000,0.6667,0.5000,0.6667,0.6667
4.5729,0.6667,0.6667,0.0000,0.0000,0.0000,0.3333,0.6667,0.3333,0.0000,0.0000,0.6667,0.0000,0.1667,0.6667,0.0000,0.0000,0.6667,0.6667,0.6667,0.0000,0.6667,0.5000,0.6667,0.6667
4.6181,0.6667,0.6667,0.0000,0.0000,0.0000,0.3333,0.6667,0.3333,0.0000,0.0000,0.6667,0.0000,0.1667,0.6667,0.0000,0.0000,0.6667,0.6667,0.6667,0.0000,0.6667,0.5000,0.6667,0.6667
4.6633,0.6667,0.6667,0.0000,0.0000,0.0000,0.3333,0.6667,0.3333,0.0000,0.0000,0.6667,0.0000,0.1667,0.6667,0.0000,0.0000,0.6667,0.6667,0.6667,0.0000,0.6667,0.5000,0.6667,0.6667
4.7085,0.6667,0.6667,0.0000,0.0000,0.0000,0.3333,0.6667,0.3333,0.0000,0.0000,0.6667,0.0000,0.1667,0.6667,0.0000,0.0000,0.6667,0.6667,0.6667,0.0000,0.6667,0.5000,0.6667,0.6667
4.7538,0.6667,0.6667,0.0000,0.0000,0.0000,0.3333,0.6667,0.3333,0.0000,0.0000,0.6667,0.0000,0.1667,0.6667,0.0000,0.0000,0.6667,0.6667,0.6667,0.0000,0.6667,0.5000,0.6667,0.6667
4.7990,0.6667,0.6667,0.0000,0.0000,0.0000,0.3333,0.6667,0.3333,0.0000,0.0000,0.6667,0.0000,0.1667,0.6667,0.0000,0.0000,0.6667,0.6667,0.6667,0.0000,0.6667,0.5000,0.6667,0.6667
4.8442,0.6667,0.6667,0.0000,0.0000,0.0000,0.3333,0.6667,0.3333,0.0000,0.0000,0.6667,0.0000,0.1667,0.6667,0.0000,0.0000,0.6667,0.6667,0.6667,0.0000,0.6667,0.5000,0.6667,0.6667
4.8894,0.6667,0.6667,0.0000,0.0000,0.0000,0.3333,0.6667,0.3333,0.0000,0.0000,0.6667,0.0000,0.1667,0.6667,0.0000,0.0000,0.6667,0.6667,0.6667,0.0000,0.6667,0.5000,0.6667,0.6667
4.9347,0.6667,0.6667,0.0000,0.0000,0.0000,0.3333,0.6667,0.3333,0.0000,0.0000,0.6667,0.0000,0.1667,0.6667,0.1667,0.0000,0.6667,0.6667,0.6667,0.0000,0.6667,0.5000,0.6667,0.6667
4.9799,0.6667,0.6667,0.0000,0.0000,0.0000,0.3333,0.6667,0.3333,0.0000,0.0000,0.6667,0.0000,0.1667,0.6667,0.1667,0.0000,0.6667,0.6667,0.6667,0.0000,0.6667,0.5000,0.6667,0.6667
5.0251,0.6667,0.6667,0.0000,0.0000,0.0000,0.3333,0.6667,0.3333,0.0000,0.0000,0.6667,0.0000,0.1667,0.6667,0.1667,0.0000,0.6667,0.6667,0.6667,0.0000,0.6667,0.5000,0.6667,0.6667
5.0704,0.6667,0.6667,0.0000,0.0000,0.0000,0.3333,0.6667,0.3333,0.0000,0.0000,0.6667,0.0000,0.1667,0.6667,0.1667,0.0000,0.6667,0.6667,0.6667,0.0000,0.6667,0.5000,0.6667,0.6667
5.1156,0.6667,0.6667,0.0000,0.0000,0.0000,0.3333,0.6667,0.3333,0.0000,0.0000,0.6667,0.0000,0.1667,0.6667,0.1667,0.0000,0.6667,0.6667,0.6667,0.0000,0.6667,0.5000,0.6667,0.6667
5.1608,0.6667,0.6667,0.0000,0.0000,0.0000,0.3333,0.6667,0.3333,0.0000,0.0000,0.6667,0.0000,0.1667,0.6667,0.1667,0.0000,0.6667,0.6667,0.6667,0.0000,0.6667,0.5000,0.6667,0.6667
5.2060,0.6667,0.6667,0.0000,0.0000,0.0000,0.3333,0.6667,0.3333,0.0000,0.0000,0.6667,0.0000,0.1667,0.6667,0.1667,0.0000,0.6667,0.6667,0.6667,0.0000,0.6667,0.5000,0.6667,0.6667
5.2513,0.6667,0.6667,0.0000,0.0000,0.0000,0.3333,0.6667,0.3333,0.0000,0.0000,0.6667,0.0000,0.1667,0.6667,0.1667,0.0000,0.6667,0.6667,0.6667,0.0000,0.6667,0.5000,0.6667,0.6667
5.2965,0.6667,0.6667,0.0000,0.0000,0.0000,0.3333,0.6667,0.3333,0.0000,0.0000,0.6667,0.0000,0.1667,0.6667,0.1667,0.0000,0.6667,0.6667,0.6667,0.0000,0.6667,0.5000,0.6667,0.6667
5.3417,0.6667,0.6667,0.0000,0.0000,0.0000,0.3333,0.6667,0.3333,0.0000,0.0000,0.6667,0.0000,0.1667,0.6667,0.1667,0.0000,0.6667,0.6667,0.6667,0.0000,0.6667,0.5000,0.6667,0.6667
5.3869,0.6667,0.6667,0.0000,0.0000,0.0000,0.3333,0.6667,0.3333,0.0000,0.0000,0.6667,0.0000,0.1667,0.6667,0.1667,0.0000,0.6667,0.6667,0.6667,0.0000,0.6667,0.5000,0.6667,0.6667
5.4322,0.6667,0.6667,0.0000,0.0000,0.0000,0.3333,0.6667,0.3333,0.0000,0.0000,0.6667,0.0000,0.1667,0.6667,0.1667,0.0000,0.6667,0.6667,0.6667,0.0000,0.6667,0.5000,0.6667,0.6667
5.4774,0.6667,0.6667,0.0000,0.0000,0.0000,0.3333,0.6667,0.3333,0.0000,0.0000,0.6667,0.0000,0.1667,0.6667,0.1667,0.0000,0.6667,0.6667,0.6667,0.0000,0.6667,0.5000,0.6667,0.6667
5.5226,0.6667,0.6667,0.1667,0.0000,0.0000,0.3333,0.6667,0.3333,0.0000,0.0000,0.6667,0.0000,0.1667,0.6667,0.1667,0.0000,0.6667,0.6667,0.6667,0.0000,0.6667,0.5000,0.6667,0.6667
5.5678,0.6667,0.6667,0.1667,0.0000,0.0000,0.3333,0.6667,0.3333,0.0000,0.0000,0.6667,0.0000,0.1667,0.6667,0.1667,0.0000,0.6667,0.6667,0.6667,0.0000,0.6667,0.5000,0.6667,0.6667
5.6131,0.6667,0.6667,0.1667,0.0000,0.0000,0.3333,0.6667,0.3333,0.0000,0.0000,0.6667,0.0000,0.1667,0.6667,0.1667,0.0000,0.6667,0.6667,0.6667,0.0000,0.6667,0.5000,0.6667,0.6667
5.6583,0.6667,0.6667,0.1667,0.0000,0.0000,0.3333,0.6667,0.3333,0.0000,0.0000,0.6667,0.0000,0.1667,0.6667,0.1667,0.0000,0.6667,0.6667,0.6667,0.0000,0.6667,0.5000,0.6667,0.6667
5.7035,0.6667,0.6667,0.1667,0.0000,0.0000,0.3333,0.6667,0.3333,0.0000,0.0000,0.6667,0.0000,0.3333,0.6667,0.1667,0.0000,0.6667,0.6667,0.6667,0.0000,0.6667,0.5000,0.6667,0.6667
5.7487,0.6667,0.6667,0.1667,0.0000,0.0000,0.3333,0.6667,0.3333,0.0000,0.0000,0.6667,0.0000,0.3333,0.6667,0.1667,0.0000,0.6667,0.6667,0.6667,0.0000,0.6667,0.5000,0.6667,0.6667
5.7940,0.6667,0.6667,0.1667,0.0000,0.0000,0.3333,0.6667,0.3333,0.0000,0.0000,0.6667,0.0000,0.3333,0.6667,0.1667,0.0000,0.6667,0.6667,0.6667,0.0000,0.6667,0.5000,0.6667,0.6667
5.8392,0.6667,0.6667,0.1667,0.0000,0.0000,0.3333,0.6667,0.3333,0.0000,0.0000,0.6667,0.0000,0.3333,0.6667,0.1667,0.0000,0.6667,0.6667,0.6667,0.0000,0.6667,0.5000,0.6667,0.6667
5.8844,0.6667,0.6667,0.1667,0.0000,0.0000,0.3333,0.6667,0.3333,0.0000,0.0000,0.6667,0.0000,0.3333,0.6667,0.1667,0.0000,0.6667,0.6667,0.6667,0.0000,0.6667,0.5000,0.6667,0.6667
5.9296,0.6667,0.6667,0.1667,0.0000,0.0000,0.3333,0.6667,0.3333,0.0000,0.0000,0.6667,0.0000,0.3333,0.6667,0.1667,0.0000,0.6667,0.6667,0.6667,0.0000,0.6667,0.5000,0.6667,0.6667
5.9749,0.6667,0.6667,0.1667,0.0000,0.0000,0.3333,0.6667,0.3333,0.0000,0.0000,0.6667,0.0000,0.3333,0.6667,0.1667,0.0000,0.6667,0.6667,0.6667,0.0000,0.6667,0.5000,0.6667,0.6667
6.0201,0.6667,0.6667,0.1667,0.0000,0.0000,0.3333,0.6667,0.3333,0.0000,0.0000,0.6667,0.0000,0.3333,0.6667,0.1667,0.0000,0.6667,0.6667,0.6667,0.0000,0.6667,0.5000,0.6667,0.6667
6.0653,0.6667,0.6667,0.1667,0.0000,0.0000,0.3333,0.6667,0.3333,0.0000,0.0000,0.6667,0.0000,0.3333,0.6667,0.1667,0.0000,0.6667,0.6667,0.6667,0.0000,0.6667,0.5000,0.6667,0.6667
6.1106,0.6667,0.6667,0.1667,0.0000,0.0000,0.3333,0.6667,0.3333,0.0000,0.0000,0.6667,0.0000,0.3333,0.6667,0.1667,0.0000,0.6667,0.6667,0.6667,0.0000,0.6667,0.5000,0.6667,0.6667
6.1558,0.6667,0.6667,0.1667,0.0000,0.0000,0.3333,0.6667,0.3333,0.0000,0.0000,0.6667,0.0000,0.3333,0.6667,0.1667,0.0000,0.6667,0.6667,0.6667,0.0000,0.6667,0.5000,0.6667,0.6667
6.2010,0.6667,0.6667,0.1667,0.0000,0.0000,0.3333,0.6667,0.3333,0.0000,0.0000,0.6667,0.0000,0.3333,0.6667,0.1667,0.0000,0.6667,0.6667,0.6667,0.0000,0.6667,0.5000,0.6667,0.6667
6.2462,0.6667,0.6667,0.1667,0.0000,0.0000,0.3333,0.6667,0.3333,0.0000,0.0000,0.6667,0.0000,0.3333,0.6667,0.1667,0.0000,0.6667,0.6667,0.6667,0.0000,0.6667,0.5000,0.6667,0.6667
6.2915,0.6667,0.6667,0.1667,0.0000,0.0000,0.3333,0.6667,0.3333,0.0000,0.0000,0.6667,0.0000,0.3333,0.6667,0.1667,0.0000,0.6667,0.6667,0.6667,0.0000,0.6667,0.5000,0.6667,0.6667
6.3367,0.6667,0.6667,0.1667,0.0000,0.0000,0.3333,0.6667,0.3333,0.0000,0.0000,0.6667,0.0000,0.3333,0.6667,0.1667,0.0000,0.6667,0.6667,0.6667,0.0000,0.6667,0.5000,0.6667,0.6667
6.3819,0.6667,0.6667,0.1667,0.0000,0.0000,0.3333,0.6667,0.3333,0.0000,0.0000,0.6667,0.0000,0.3333,0.6667,0.1667,0.0000,0.6667,0.6667,0.6667,0.0000,0.6667,0.6667,0.6667,0.6667
6.4271,0.6667,0.6667,0.1667,0.0000,0.0000,0.3333,0.6667,0.3333,0.0000,0.0000,0.6667,0.0000,0.3333,0.6667,0.1667,0.0000,0.6667,0.6667,0.6667,0.0000,0.6667,0.6667,0.6667,0.6667
6.4724,0.6667,0.6667,0.1667,0.0000,0.0000,0.3333,0.6667,0.3333,0.0000,0.0000,0.6667,0.0000,0.3333,0.6667,0.1667,0.0000,0.6667,0.6667,0.6667,0.0000,0.6667,0.6667,0.6667,0.6667
6.5176,0.6667,0.6667,0.1667,0.0000,0.0000,0.3333,0.6667,0.3333,0.0000,0.0000,0.6667,0.0000,0.3333,0.6667,0.1667,0.0000,0.6667,0.6667,0.6667,0.0000,0.6667,0.6667,0.6667,0.6667
6.5628,0.6667,0.6667,0.1667,0.0000,0.0000,0.3333,0.6667,0.3333,0.0000,0.0000,0.6667,0.0000,0.3333,0.6667,0.1667,0.0000,0.6667,0.6667,0.6667,0.0000,0.6667,0.6667,0.6667,0.6667
6.6080,0.6667,0.6667,0.1667,0.0000,0.0000,0.3333,0.6667,0.3333,0.0000,0.0000,0.6667,0.0000,0.3333,0.6667,0.1667,0.0000,0.6667,0.6667,0.6667,0.0000,0.6667,0.6667,0.6667,0.6667
6.6533,0.6667,0.6667,0.1667,0.0000,0.0000,0.3333,0.6667,0.3333,0.0000,0.0000,0.6667,0.0000,0.3333,0.6667,0.1667,0.0000,0.6667,0.6667,0.6667,0.0000,0.6667,0.6667,0.6667,0.6667
6.6985,0.6667,0.6667,0.1667,0.0000,0.0000,0.3333,0.6667,0.3333,0.0000,0.0000,0.6667,0.0000,0.3333,0.6667,0.1667,0.0000,0.6667,0.6667,0.6667,0.0000,0.6667,0.6667,0.6667,0.6667
6.7437,0.6667,0.6667,0.1667,0.0000,0.0000,0.3333,0.6667,0.3333,0.0000,0.0000,0.6667,0.0000,0.5000,0.6667,0.1667,0.0000,0.6667,0.6667,0.6667,0.0000,0.6667,0.6667,0.6667,0.6667
6.7889,0.6667,0.6667,0.1667,0.0000,0.0000,0.3333,0.6667,0.3333,0.0000,0.0000,0.6667,0.0000,0.5000,0.6667,0.1667,0.0000,0.6667,0.6667,0.6667,0.0000,0.6667,0.6667,0.6667,0.6667
6.8342,0.6667,0.6667,0.1667,0.0000,0.0000,0.3333,0.6667,0.3333,0.0000,0.0000,0.6667,0.0000,0.5000,0.6667,0.1667,0.0000,0.6667,0.6667,0.6667,0.0000,0.6667,0.6667,0.6667,0.6667
6.8794,0.6667,0.6667,0.1667,0.0000,0.0000,0.3333,0.6667,0.3333,0.0000,0.0000,0.6667,0.0000,0.5000,0.6667,0.1667,0.0000,0.6667,0.6667,0.6667,0.0000,0.6667,0.6667,0.6667,0.6667
6.9246,0.6667,0.6667,0.1667,0.0000,0.0000,0.3333,0.6667,0.3333,0.0000,0.0000,0.6667,0.0000,0.5000,0.6667,0.1667,0.0000,0.6667,0.6667,0.6667,0.0000,0.6667,0.6667,0.6667,0.6667
6.9698,0.6667,0.6667,0.1667,0.0000,0.0000,0.3333,0.6667,0.3333,0.0000,0.0000,0.6667,0.0000,0.5000,0.6667,0.1667,0.0000,0.6667,0.6667,0.6667,0.0000,0.6667,0.6667,0.6667,0.6667
7.0151,0.6667,0.6667,0.1667,0.0000,0.0000,0.3333,0.6667,0.3333,0.0000,0.0000,0.6667,0.0000,0.5000,0.6667,0.3333,0.0000,0.6667,0.6667,0.6667,0.0000,0.6667,0.6667,0.6667,0.6667
7.0603,0.6667,0.6667,0.1667,0.0000,0.0000,0.3333,0.6667,0.3333,0.0000,0.0000,0.6667,0.0000,0.5000,0.6667,0.3333,0.0000,0.6667,0.6667,0.6667,0.0000,0.6667,0.6667,0.6667,0.6667
7.1055,0.6667,0.6667,0.1667,0.0000,0.0000,0.3333,0.6667,0.3333,0.0000,0.0000,0.6667,0.0000,0.5000,0.6667,0.3333,0.0000,0.6667,0.6667,0.6667,0.0000,0.6667,0.6667,0.6667,0.6667
7.1508,0.6667,0.6667,0.1667,0.0000,0.0000,0.3333,0.6667,0.3333,0.0000,0.0000,0.6667,0.0000,0.5000,0.6667,0.3333,0.0000,0.6667,0.6667,0.6667,0.0000,0.6667,0.6667,0.6667,0.6667
7.1960,0.6667,0.6667,0.1667,0.0000,0.0000,0.3333,0.6667,0.3333,0.0000,0.0000,0.6667,0.0000,0.5000,0.6667,0.3333,0.0000,0.6667,0.6667,0.6667,0.0000,0.6667,0.6667,0.6667,0.6667
7.2412,0.6667,0.6667,0.1667,0.0000,0.0000,0.3333,0.6667,0.3333,0.0000,0.0000,0.6667,0.0000,0.5000,0.6667,0.3333,0.0000,0.6667,0.6667,0.6667,0.0000,0.6667,0.6667,0.6667,0.6667
7.2864,0.6667,0.6667,0.1667,0.0000,0.0000,0.3333,0.6667,0.3333,0.0000,0.0000,0.6667,0.0000,0.5000,0.6667,0.3333,0.0000,0.6667,0.6667,0.6667,0.0000,0.6667,0.6667,0.6667,0.6667
7.3317,0.6667,0.6667,0.1667,0.0000,0.0000,0.3333,0.6667,0.3333,0.0000,0.0000,0.6667,0.0000,0.5000,0.6667,0.3333,0.0000,0.6667,0.6667,0.6667,0.0000,0.6667,0.6667,0.6667,0.6667
7.3769,0.6667,0.6667,0.1667,0.0000,0.0000,0.3333,0.6667,0.3333,0.1667,0.0000,0.6667,0.0000,0.5000,0.6667,0.3333,0.0000,0.6667,0.6667,0.6667,0.0000,0.6667,0.6667,0.6667,0.6667
7.4221,0.6667,0.6667,0.1667,0.0000,0.0000,0.3333,0.6667,0.3333,0.1667,0.0000,0.6667,0.0000,0.5000,0.6667,0.3333,0.0000,0.6667,0.6667,0.6667,0.0000,0.6667,0.6667,0.6667,0.6667
7.4673,0.6667,0.6667,0.1667,0.0000,0.0000,0.3333,0.6667,0.3333,0.1667,0.0000,0.6667,0.0000,0.5000,0.6667,0.3333,0.0000,0.6667,0.6667,0.6667,0.0000,0.6667,0.6667,0.6667,0.6667
7.5126,0.6667,0.6667,0.1667,0.0000,0.0000,0.3333,0.6667,0.3333,0.1667,0.0000,0.6667,0.0000,0.5000,0.6667,0.3333,0.0000,0.6667,0.6667,0.6667,0.0000,0.6667,0.6667,0.6667,0.6667
7.5578,0.6667,0.6667,0.1667,0.0000,0.0000,0.3333,0.6667,0.3333,0.1667,0.0000,0.6667,0.0000,0.5000,0.6667,0.3333,0.0000,0.6667,0.6667,0.6667,0.0000,0.6667,0.6667,0.6667,0.6667
7.6030,0.6667,0.6667,0.1667,0.0000,0.0000,0.3333,0.6667,0.3333,0.1667,0.0000,0.6667,0.0000,0.5000,0.6667,0.3333,0.1667,0.6667,0.6667,0.6667,0.0000,0.6667,0.6667,0.6667,0.6667
7.6482,0.6667,0.6667,0.1667,0.0000,0.0000,0.3333,0.6667,0.3333,0.1667,0.0000,0.6667,0.0000,0.5000,0.6667,0.3333,0.1667,0.6667,0.6667,0.6667,0.0000,0.6667,0.6667,0.6667,0.6667
7.6935,0.6667,0.6667,0.1667,0.0000,0.0000,0.3333,0.6667,0.3333,0.1667,0.0000,0.6667,0.0000,0.5000,0.6667,0.3333,0.1667,0.6667,0.6667,0.6667,0.0000,0.6667,0.6667,0.6667,0.6667
7.7387,0.6667,0.6667,0.1667,0.0000,0.0000,0.3333,0.6667,0.3333,0.1667,0.0000,0.6667,0.0000,0.5000,0.6667,0.3333,0.1667,0.6667,0.6667,0.6667,0.0000,0.6667,0.6667,0.6667,0.6667
7.7839,0.6667,0.6667,0.1667,0.0000,0.0000,0.3333,0.6667,0.3333,0.1667,0.0000,0.6667,0.0000,0.5000,0.6667,0.3333,0.1667,0.6667,0.6667,0.6667,0.0000,0.6667,0.6667,0.6667,0.6667
7.8291,0.6667,0.6667,0.1667,0.0000,0.0000,0.3333,0.6667,0.3333,0.1667,0.0000,0.6667,0.0000,0.5000,0.6667,0.3333,0.1667,0.6667,0.6667,0.6667,0.0000,0.6667,0.6667,0.6667,0.6667
7.8744,0.6667,0.6667,0.1667,0.0000,0.0000,0.3333,0.6667,0.3333,0.1667,0.0000,0.6667,0.0000,0.5000,0.6667,0.5000,0.1667,0.6667,0.6667,0.6667,0.0000,0.6667,0.6667,0.6667,0.6667
7.9196,0.6667,0.6667,0.1667,0.0000,0.0000,0.3333,0.6667,0.3333,0.1667,0.0000,0.6667,0.0000,0.5000,0.6667,0.5000,0.1667,0.6667,0.6667,0.6667,0.0000,0.6667,0.6667,0.6667,0.6667
7.9648,0.6667,0.6667,0.1667,0.0000,0.0000,0.3333,0.6667,0.3333,0.1667,0.0000,0.6667,0.0000,0.5000,0.6667,0.5000,0.1667,0.6667,0.6667,0.6667,0.0000,0.6667,0.6667,0.6667,0.6667
8.0101,0.6667,0.6667,0.1667,0.0000,0.0000,0.3333,0.6667,0.3333,0.1667,0.0000,0.6667,0.0000,0.5000,0.6667,0.5000,0.1667,0.6667,0.6667,0.6667,0.0000,0.6667,0.6667,0.6667,0.6667
8.0553,0.6667,0.6667,0.1667,0.0000,0.0000,0.3333,0.6667,0.3333,0.1667,0.0000,0.6667,0.0000,0.5000,0.6667,0.5000,0.1667,0.6667,0.6667,0.6667,0.0000,0.6667,0.6667,0.6667,0.6667
8.1005,0.6667,0.6667,0.1667,0.0000,0.0000,0.3333,0.6667,0.3333,0.1667,0.0000,0.6667,0.0000,0.5000,0.6667,0.5000,0.1667,0.6667,0.6667,0.6667,0.0000,0.6667,0.6667,0.6667,0.6667
8.1457,0.6667,0.6667,0.1667,0.0000,0.0000,0.3333,0.6667,0.3333,0.1667,0.0000,0.6667,0.0000,0.5000,0.6667,0.5000,0.1667,0.6667,0.6667,0.6667,0.0000,0.6667,0.6667,0.6667,0.6667
8.1910,0.6667,0.6667,0.1667,0.0000,0.0000,0.3333,0.6667,0.3333,0.1667,0.0000,0.6667,0.0000,0.5000,0.6667,0.5000,0.1667,0.6667,0.6667,0.6667,0.0000,0.6667,0.6667,0.6667,0.6667
8.2362,0.6667,0.6667,0.1667,0.0000,0.0000,0.3333,0.6667,0.3333,0.1667,0.0000,0.6667,0.0000,0.5000,0.6667,0.5000,0.1667,0.6667,0.6667,0.6667,0.0000,0.6667,0.6667,0.6667,0.6667
8.2814,0.6667,0.6667,0.1667,0.0000,0.0000,0.3333,0.6667,0.3333,0.1667,0.0000,0.6667,0.0000,0.5000,0.6667,0.5000,0.1667,0.6667,0.6667,0.6667,0.0000,0.6667,0.6667,0.6667,0.6667
8.3266,0.6667,0.6667,0.1667,0.0000,0.0000,0.3333,0.6667,0.3333,0.1667,0.0000,0.6667,0.0000,0.5000,0.6667,0.5000,0.1667,0.6667,0.6667,0.6667,0.0000,0.6667,0.6667,0.6667,0.6667
8.3719,0.6667,0.6667,0.1667,0.0000,0.0000,0.3333,0.6667,0.3333,0.1667,0.0000,0.6667,0.0000,0.5000,0.6667,0.5000,0.1667,0.6667,0.6667,0.6667,0.0000,0.6667,0.6667,0.6667,0.6667
8.4171,0.6667,0.6667,0.1667,0.0000,0.0000,0.3333,0.6667,0.3333,0.1667,0.0000,0.6667,0.0000,0.5000,0.6667,0.5000,0.1667,0.6667,0.6667,0.6667,0.0000,0.6667,0.6667,0.6667,0.6667
8.4623,0.6667,0.6667,0.1667,0.0000,0.0000,0.3333,0.6667,0.3333,0.1667,0.0000,0.6667,0.0000,0.5000,0.6667,0.5000,0.1667,0.6667,0.6667,0.6667,0.0000,0.6667,0.6667,0.6667,0.6667
8.5075,0.6667,0.6667,0.1667,0.0000,0.0000,0.3333,0.6667,0.3333,0.1667,0.0000,0.6667,0.0000,0.5000,0.6667,0.5000,0.1667,0.6667,0.6667,0.6667,0.0000,0.6667,0.6667,0.6667,0.6667
8.5528,0.6667,0.6667,0.1667,0.0000,0.0000,0.3333,0.6667,0.3333,0.1667,0.0000,0.6667,0.0000,0.5000,0.6667,0.5000,0.1667,0.6667,0.6667,0.6667,0.0000,0.6667,0.6667,0.6667,0.6667
8.5980,0.6667,0.6667,0.1667,0.0000,0.0000,0.3333,0.6667,0.3333,0.1667,0.0000,0.6667,0.0000,0.5000,0.6667,0.5000,0.1667,0.6667,0.6667,0.6667,0.0000,0.6667,0.6667,0.6667,0.6667
8.6432,0.6667,0.6667,0.1667,0.0000,0.0000,0.3333,0.6667,0.3333,0.1667,0.0000,0.6667,0.0000,0.5000,0.6667,0.5000,0.1667,0.6667,0.6667,0.6667,0.0000,0.6667,0.6667,0.6667,0.6667
8.6884,0.6667,0.6667,0.1667,0.0000,0.0000,0.3333,0.6667,0.3333,0.1667,0.0000,0.6667,0.0000,0.5000,0.6667,0.5000,0.1667,0.6667,0.6667,0.6667,0.0000,0.6667,0.6667,0.6667,0.6667
8.7337,0.6667,0.6667,0.1667,0.0000,0.0000,0.3333,0.6667,0.3333,0.1667,0.0000,0.6667,0.0000,0.5000,0.6667,0.5000,0.1667,0.6667,0.6667,0.6667,0.0000,0.6667,0.6667,0.6667,0.6667
8.7789,0.6667,0.6667,0.1667,0.0000,0.0000,0.3333,0.6667,0.3333,0.1667,0.0000,0.6667,0.0000,0.5000,0.6667,0.5000,0.1667,0.6667,0.6667,0.6667,0.0000,0.6667,0.6667,0.6667,0.6667
8.8241,0.6667,0.6667,0.1667,0.0000,0.0000,0.3333,0.6667,0.3333,0.1667,0.0000,0.6667,0.0000,0.5000,0.6667,0.5000,0.1667,0.6667,0.6667,0.6667,0.0000,0.6667,0.6667,0.6667,0.6667
8.8693,0.6667,0.6667,0.1667,0.0000,0.0000,0.3333,0.6667,0.3333,0.1667,0.0000,0.6667,0.0000,0.5000,0.6667,0.5000,0.1667,0.6667,0.6667,0.6667,0.0000,0.6667,0.6667,0.6667,0.6667
8.9146,0.6667,0.6667,0.1667,0.0000,0.0000,0.3333,0.6667,0.3333,0.1667,0.0000,0.6667,0.0000,0.5000,0.6667,0.5000,0.1667,0.6667,0.6667,0.6667,0.0000,0.6667,0.6667,0.6667,0.6667
8.9598,0.6667,0.6667,0.1667,0.0000,0.0000,0.3333,0.6667,0.3333,0.1667,0.0000,0.6667,0.0000,0.5000,0.6667,0.5000,0.1667,0.6667,0.6667,0.6667,0.0000,0.6667,0.6667,0.6667,0.6667
9.0050,0.6667,0.6667,0.1667,0.0000,0.0000,0.3333,0.6667,0.3333,0.1667,0.0000,0.6667,0.0000,0.5000,0.6667,0.5000,0.1667,0.6667,0.6667,0.6667,0.0000,0.6667,0.6667,0.6667,0.6667
9.0503,0.6667,0.6667,0.1667,0.0000,0.0000,0.3333,0.6667,0.3333,0.1667,0.0000,0.6667,0.0000,0.5000,0.6667,0.6667,0.1667,0.6667,0.6667,0.6667,0.0000,0.6667,0.6667,0.6667,0.6667
9.0955,0.6667,0.6667,0.1667,0.0000,0.0000,0.3333,0.6667,0.3333,0.1667,0.0000,0.6667,0.0000,0.5000,0.6667,0.6667,0.1667,0.6667,0.6667,0.6667,0.0000,0.6667,0.6667,0.6667,0.6667
9.1407,0.6667,0.6667,0.1667,0.0000,0.0000,0.3333,0.6667,0.3333,0.1667,0.0000,0.6667,0.0000,0.5000,0.6667,0.6667,0.1667,0.6667,0.6667,0.6667,0.0000,0.6667,0.6667,0.6667,0.6667
9.1859,0.6667,0.6667,0.1667,0.0000,0.0000,0.3333,0.6667,0.3333,0.1667,0.0000,0.6667,0.0000,0.5000,0.6667,0.6667,0.1667,0.6667,0.6667,0.6667,0.0000,0.6667,0.6667,0.6667,0.6667
9.2312,0.6667,0.6667,0.1667,0.0000,0.0000,0.3333,0.6667,0.3333,0.1667,0.0000,0.6667,0.0000,0.5000,0.6667,0.6667,0.1667,0.6667,0.6667,0.6667,0.0000,0.6667,0.6667,0.6667,0.6667
9.2764,0.6667,0.6667,0.1667,0.0000,0.0000,0.3333,0.6667,0.3333,0.1667,0.0000,0.6667,0.0000,0.5000,0.6667,0.6667,0.1667,0.6667,0.6667,0.6667,0.0000,0.6667,0.6667,0.6667,0.6667
9.3216,0.6667,0.6667,0.1667,0.0000,0.0000,0.3333,0.6667,0.3333,0.1667,0.0000,0.6667,0.0000,0.5000,0.6667,0.6667,0.1667,0.6667,0.6667,0.6667,0.0000,0.6667,0.6667,0.6667,0.6667
9.3668,0.6667,0.6667,0.1667,0.0000,0.0000,0.3333,0.6667,0.3333,0.3333,0.0000,0.6667,0.0000,0.5000,0.6667,0.6667,0.1667,0.6667,0.6667,0.6667,0.0000,0.6667,0.6667,0.6667,0.6667
9.4121,0.6667,0.6667,0.1667,0.0000,0.0000,0.3333,0.6667,0.3333,0.3333,0.0000,0.6667,0.0000,0.5000,0.6667,0.6667,0.1667,0.6667,0.6667,0.6667,0.0000,0.6667,0.6667,0.6667,0.6667
9.4573,0.6667,0.6667,0.1667,0.0000,0.0000,0.3333,0.6667,0.3333,0.3333,0.0000,0.6667,0.0000,0.5000,0.6667,0.6667,0.1667,0.6667,0.6667,0.6667,0.0000,0.6667,0.6667,0.6667,0.6667
9.5025,0.6667,0.6667,0.1667,0.0000,0.0000,0.3333,0.6667,0.3333,0.3333,0.0000,0.6667,0.0000,0.5000,0.6667,0.6667,0.1667,0.6667,0.6667,0.6667,0.0000,0.6667,0.6667,0.6667,0.6667
9.5477,0.6667,0.6667,0.1667,0.0000,0.0000,0.3333,0.6667,0.3333,0.3333,0.0000,0.6667,0.0000,0.5000,0.6667,0.6667,0.1667,0.6667,0.6667,0.6667,0.0000,0.6667,0.6667,0.6667,0.6667
9.5930,0.6667,0.6667,0.1667,0.0000,0.0000,0.3333,0.6667,0.3333,0.3333,0.0000,0.6667,0.0000,0.5000,0.6667,0.6667,0.1667,0.6667,0.6667,0.6667,0.0000,0.6667,0.6667,0.6667,0.6667
9.6382,0.6667,0.6667,0.1667,0.0000,0.0000,0.3333,0.6667,0.3333,0.3333,0.0000,0.6667,0.0000,0.5000,0.6667,0.6667,0.1667,0.6667,0.6667,0.6667,0.0000,0.6667,0.6667,0.6667,0.6667
9.6834,0.6667,0.6667,0.1667,0.0000,0.0000,0.3333,0.6667,0.3333,0.3333,0.0000,0.6667,0.0000,0.5000,0.6667,0.6667,0.1667,0.6667,0.6667,0.6667,0.0000,0.6667,0.6667,0.6667,0.6667
9.7286,0.6667,0.6667,0.1667,0.0000,0.0000,0.3333,0.6667,0.3333,0.3333,0.0000,0.6667,0.0000,0.5000,0.6667,0.6667,0.1667,0.6667,0.6667,0.6667,0.0000,0.6667,0.6667,0.6667,0.6667
9.7739,0.6667,0.6667,0.1667,0.0000,0.0000,0.3333,0.6667,0.3333,0.3333,0.0000,0.6667,0.0000,0.5000,0.6667,0.6667,0.1667,0.6667,0.6667,0.6667,0.0000,0.6667,0.6667,0.6667,0.6667
9.8191,0.6667,0.6667,0.1667,0.0000,0.0000,0.3333,0.6667,0.3333,0.3333,0.0000,0.6667,0.0000,0.5000,0.6667,0.6667,0.1667,0.6667,0.6667,0.6667,0.0000,0.6667,0.6667,0.6667,0.6667
9.8643,0.6667,0.6667,0.1667,0.0000,0.0000,0.3333,0.6667,0.3333,0.3333,0.0000,0.6667,0.0000,0.5000,0.6667,0.6667,0.1667,0.6667,0.6667,0.6667,0.0000,0.6667,0.6667,0.6667,0.6667
9.9095,0.6667,0.6667,0.1667,0.0000,0.0000,0.3333,0.6667,0.3333,0.3333,0.0000,0.6667,0.0000,0.5000,0.6667,0.6667,0.1667,0.6667,0.6667,0.6667,0.0000,0.6667,0.6667,0.6667,0.6667
9.9548,0.6667,0.6667,0.1667,0.0000,0.0000,0.3333,0.6667,0.3333,0.3333,0.0000,0.6667,0.0000,0.5000,0.6667,0.6667,0.1667,0.6667,0.6667,0.6667,0.0000,0.6667,0.6667,0.6667,0.6667
10.0000,0.6667,0.6667,0.1667,0.0000,0.0000,0.3333,0.6667,0.3333,0.3333,0.0000,0.6667,0.0000,0.5000,0.6667,0.6667,0.1667,0.6667,0.6667,0.6667,0.0000,0.6667,0.6667,0.6667,0.6667
